<Deal>
	<Applicant1>
		<Name1>
		  <FirstName1>Allocation</FirstName1>
		  <LastName1>Insurer</LastName1>
		</Name1>
		<PreferredContactMethod>1</PreferredContactMethod>
		<ContactMethods>
		  <Telephone>
			  <TelType>1</TelType>
			  <TelNumber>6471234560</TelNumber>
			</Telephone>
			<Telephone>
			  <TelType>2</TelType>
			  <TelNumber>4162014444</TelNumber>
			</Telephone>
			<Email>
			<EmailAddress>Neha.Nagda@firstnational.ca</EmailAddress>
		  </Email>
		</ContactMethods>
	 </Applicant1>
 </Deal>