{
  "loanApplication": {
    "deal": {
      "applicantGroup": [
        {
          "applicantGroupTypeDd": 0,
          "applicant": [
            {
              "birthDate": "1985-04-29",
              "emailAddress": "Neha.Nagda@firstnational.ca",
              "name": {
                "firstName": "Allocation",
                "lastName": "Insurer"
              },
              "phone": [
                {
                  "phoneTypeDd": 2,
                  "phoneNumber": "6471234560"
                },
				{
                  "phoneTypeDd": 4,
                  "phoneNumber": "4162014444"
                }
              ],
              "preferredContactMethodDd": 1
            }
          ]
        }
      ]
    }
  }
}